path,role,audience,excluded_from_refactor
./analysis/cursor-prompt.md,OTHER,BOTH,False
./analysis/plan.md,OTHER,BOTH,False
./analysis/specify.md,OTHER,BOTH,False
./CHANGELOG.md,OTHER,BOTH,True
./CONTRIBUTING.md,OTHER,BOTH,True
./.cursor/commands/analyze.md,OTHER,BOTH,False
./.cursor/commands/clarify.md,OTHER,BOTH,False
./.cursor/commands/constitution.md,OTHER,BOTH,False
./.cursor/commands/implement.md,OTHER,BOTH,False
./.cursor/commands/plan.md,OTHER,BOTH,False
./.cursor/commands/specify.md,OTHER,BOTH,False
./.cursor/commands/speckit.analyze.md,OTHER,BOTH,False
./.cursor/commands/speckit.checklist.md,OTHER,BOTH,False
./.cursor/commands/speckit.clarify.md,OTHER,BOTH,False
./.cursor/commands/speckit.constitution.md,OTHER,BOTH,False
./.cursor/commands/speckit.implement.md,OTHER,BOTH,False
./.cursor/commands/speckit.plan.md,OTHER,BOTH,False
./.cursor/commands/speckit.specify.md,OTHER,BOTH,False
./.cursor/commands/speckit.tasks.md,OTHER,BOTH,False
./.cursor/commands/speckit.taskstoissues.md,OTHER,BOTH,False
./.cursor/commands/tasks.md,OTHER,BOTH,False
./docs/android_discovery_architecture.md,OTHER,BOTH,False
./docs/ANDROID_MIGRATION.md,OTHER,BOTH,False
./docs/ANDROID_TEST_FIX_SUGGESTIONS.md,OTHER,BOTH,False
./docs/api_reference/API_REFERENCE.md,GUIDE,HUMAN,False
./docs/architecture.md,OTHER,BOTH,False
./docs/build_instructions.md,OTHER,BOTH,False
./docs/CI_Workflows_Artifacts.md,OTHER,BOTH,False
./docs/CLI_Usage.md,OTHER,BOTH,False
./docs/Concept_Collective_Intelligence.md,OTHER,BOTH,False
./docs/Constitution-Compliance.md,OTHER,BOTH,False
./docs/cross_device_e2e_tests.md,OTHER,BOTH,False
./docs/cross_platform_discovery_compatibility.md,OTHER,BOTH,False
./docs/Data_Schema.md,OTHER,BOTH,False
./docs/Deployment.md,OTHER,BOTH,False
./docs/DESIGN_INDEX.md,OTHER,BOTH,False
./docs/device_e2e_test_report.md,OTHER,BOTH,False
./docs/event_rating_protocol.md,OTHER,BOTH,False
./docs/final_validation.md,OTHER,BOTH,False
./docs/Install_Paths_By_OS.md,OTHER,BOTH,False
./docs/node_discovery_test_results.md,OTHER,BOTH,False
./docs/p2p_release.md,OTHER,BOTH,False
./docs/post_integration_hardening.md,OTHER,BOTH,False
./docs/prompt/ekwator/specify1/plan/plan1.md,GUIDE,HUMAN,False
./docs/prompt/ekwator/specify1/spec1.md,GUIDE,HUMAN,False
./docs/RELEASE_v1.0.0_DRAFT.md,OTHER,BOTH,False
./docs/Technical_Specification.md,OTHER,BOTH,False
./docs/TEST_REPORT_ANDROID_v1.0.0.md,OTHER,BOTH,False
./docs/troubleshooting.md,OTHER,BOTH,False
./docs/Truth-training/Truth-training.md,GUIDE,HUMAN,False
./docs/UI_Desktop.md,OTHER,BOTH,False
./docs/ui_guidelines.md,OTHER,BOTH,False
./docs/VERSION_REGISTRY.md,OTHER,BOTH,False
./integration/android/README_BUILD_ANDROID.md,OTHER,BOTH,False
./integration/android/README_INTEGRATION.md,OTHER,BOTH,False
./integration/desktop/README_INTEGRATION.md,OTHER,BOTH,False
./integration/ios/README_INTEGRATION.md,OTHER,BOTH,False
./packaging/debian/README.md,INDEX,BOTH,False
./README.md,README,BOTH,False
./release-notes-v1.0.0-Baseline.md,OTHER,BOTH,False
./release-notes-v1.0.0-Release.md,OTHER,BOTH,False
./RELEASE_PREPARATION_SUMMARY.md,OTHER,BOTH,False
./SECURITY.md,OTHER,BOTH,True
./spec/01-product-vision.md,OTHER,BOTH,False
./spec/02-requirements.md,OTHER,BOTH,False
./spec/03-architecture.md,OTHER,BOTH,False
./spec/04-data-model.md,OTHER,BOTH,False
./spec/05-api.md,OTHER,BOTH,False
./spec/06-expert-system.md,OTHER,BOTH,False
./spec/07-event-rating-protocol.md,OTHER,BOTH,False
./spec/08-p2p-sync.md,OTHER,BOTH,False
./spec/09-ux-guidelines.md,OTHER,BOTH,False
./spec/10-cli.md,OTHER,BOTH,False
./spec/11-decision-log.md,OTHER,BOTH,False
./spec/12-open-questions.md,OTHER,BOTH,False
./spec/13-traceability.md,OTHER,BOTH,False
./spec/14-quality-gates.md,OTHER,BOTH,False
./spec/15-prompts-and-automation.md,OTHER,BOTH,False
./spec/16-test-plan.md,OTHER,BOTH,False
./spec/17-offline-reliability.md,OTHER,BOTH,False
./spec/18-cross-platform-architecture.md,OTHER,BOTH,False
./spec/19-build-instructions.md,OTHER,BOTH,False
./spec/20-cargo-configuration.md,OTHER,BOTH,False
./spec/21-roadmap.md,OTHER,BOTH,False
./.specify/memory/constitution.md,OTHER,BOTH,False
./.specify/templates/agent-file-template.md,OTHER,BOTH,False
./.specify/templates/checklist-template.md,OTHER,BOTH,False
./.specify/templates/plan-template.md,OTHER,BOTH,False
./.specify/templates/spec-template.md,OTHER,BOTH,False
./.specify/templates/tasks-template.md,OTHER,BOTH,False
./spec/README.md,INDEX,BOTH,False
./specs/001-documentation-refactoring-0-0/contracts/STRUCTURE.md,OTHER,BOTH,False
./specs/001-documentation-refactoring-0-0/data-model.md,SPEC,AI,False
./specs/001-documentation-refactoring-0-0/plan.md,SPEC,AI,False
./specs/001-documentation-refactoring-0-0/quickstart.md,SPEC,AI,False
./specs/001-documentation-refactoring-0-0/research.md,SPEC,AI,False
./specs/001-documentation-refactoring-0-0/spec.md,SPEC,AI,False
./specs/001-documentation-refactoring-0-0/tasks.md,SPEC,AI,False
./SPEC_SUMMARY.md,OTHER,BOTH,False
./test-results/reports/node_discovery.md,OTHER,BOTH,False
./tests/e2e/README.md,INDEX,BOTH,False
./truth-android-client/CHANGELOG.md,OTHER,BOTH,True
./truth-android-client/docs/INTEGRATION_TRUTH_CORE.md,OTHER,BOTH,False
./truth-android-client/README_ANDROID.md,OTHER,BOTH,False
./truth-android-client/README.md,INDEX,BOTH,False
./truth-android-client/truthcore_api/api_reference_link.md,OTHER,BOTH,False
./truth-ios-client/README.md,INDEX,BOTH,False
./ui/desktop/CHANGELOG.md,OTHER,BOTH,True
./ui/desktop/node_modules/abab/LICENSE.md,OTHER,BOTH,False
./ui/desktop/node_modules/abab/README.md,INDEX,BOTH,False
./ui/desktop/node_modules/acorn/CHANGELOG.md,OTHER,BOTH,True
./ui/desktop/node_modules/acorn-globals/README.md,INDEX,BOTH,False
./ui/desktop/node_modules/acorn-jsx/README.md,INDEX,BOTH,False
./ui/desktop/node_modules/acorn/README.md,INDEX,BOTH,False
./ui/desktop/node_modules/acorn-walk/CHANGELOG.md,OTHER,BOTH,True
./ui/desktop/node_modules/acorn-walk/README.md,INDEX,BOTH,False
./ui/desktop/node_modules/@adobe/css-tools/docs/API.md,OTHER,BOTH,False
./ui/desktop/node_modules/@adobe/css-tools/docs/AST.md,OTHER,BOTH,False
./ui/desktop/node_modules/@adobe/css-tools/docs/CHANGELOG.md,OTHER,BOTH,True
./ui/desktop/node_modules/@adobe/css-tools/docs/EXAMPLES.md,OTHER,BOTH,False
./ui/desktop/node_modules/@adobe/css-tools/README.md,INDEX,BOTH,False
./ui/desktop/node_modules/agent-base/README.md,INDEX,BOTH,False
./ui/desktop/node_modules/ajv/lib/dotjs/README.md,INDEX,BOTH,False
./ui/desktop/node_modules/ajv/README.md,INDEX,BOTH,False
./ui/desktop/node_modules/ansi-escapes/node_modules/type-fest/readme.md,INDEX,BOTH,False
./ui/desktop/node_modules/ansi-escapes/readme.md,INDEX,BOTH,False
./ui/desktop/node_modules/ansi-regex/readme.md,INDEX,BOTH,False
./ui/desktop/node_modules/ansi-styles/readme.md,INDEX,BOTH,False
./ui/desktop/node_modules/anymatch/README.md,INDEX,BOTH,False
./ui/desktop/node_modules/arg/LICENSE.md,OTHER,BOTH,False
./ui/desktop/node_modules/argparse/CHANGELOG.md,OTHER,BOTH,True
./ui/desktop/node_modules/argparse/README.md,INDEX,BOTH,False
./ui/desktop/node_modules/arg/README.md,INDEX,BOTH,False
./ui/desktop/node_modules/aria-query/CHANGELOG.md,OTHER,BOTH,True
./ui/desktop/node_modules/aria-query/README.md,INDEX,BOTH,False
./ui/desktop/node_modules/array-buffer-byte-length/CHANGELOG.md,OTHER,BOTH,True
./ui/desktop/node_modules/array-buffer-byte-length/README.md,INDEX,BOTH,False
./ui/desktop/node_modules/array-union/readme.md,INDEX,BOTH,False
./ui/desktop/node_modules/asynckit/README.md,INDEX,BOTH,False
./ui/desktop/node_modules/available-typed-arrays/CHANGELOG.md,OTHER,BOTH,True
./ui/desktop/node_modules/available-typed-arrays/README.md,INDEX,BOTH,False
./ui/desktop/node_modules/axios/CHANGELOG.md,OTHER,BOTH,True
./ui/desktop/node_modules/axios/lib/adapters/README.md,INDEX,BOTH,False
./ui/desktop/node_modules/axios/lib/core/README.md,INDEX,BOTH,False
./ui/desktop/node_modules/axios/lib/env/README.md,INDEX,BOTH,False
./ui/desktop/node_modules/axios/lib/helpers/README.md,INDEX,BOTH,False
./ui/desktop/node_modules/axios/MIGRATION_GUIDE.md,OTHER,BOTH,False
./ui/desktop/node_modules/axios/README.md,INDEX,BOTH,False
./ui/desktop/node_modules/@babel/code-frame/README.md,INDEX,BOTH,False
./ui/desktop/node_modules/@babel/compat-data/README.md,INDEX,BOTH,False
./ui/desktop/node_modules/@babel/core/node_modules/semver/README.md,INDEX,BOTH,False
./ui/desktop/node_modules/@babel/core/README.md,INDEX,BOTH,False
./ui/desktop/node_modules/@babel/generator/README.md,INDEX,BOTH,False
./ui/desktop/node_modules/@babel/helper-compilation-targets/node_modules/semver/README.md,INDEX,BOTH,False
./ui/desktop/node_modules/@babel/helper-compilation-targets/README.md,INDEX,BOTH,False
./ui/desktop/node_modules/@babel/helper-globals/README.md,INDEX,BOTH,False
./ui/desktop/node_modules/@babel/helper-module-imports/README.md,INDEX,BOTH,False
./ui/desktop/node_modules/@babel/helper-module-transforms/README.md,INDEX,BOTH,False
./ui/desktop/node_modules/@babel/helper-plugin-utils/README.md,INDEX,BOTH,False
./ui/desktop/node_modules/@babel/helpers/README.md,INDEX,BOTH,False
./ui/desktop/node_modules/@babel/helper-string-parser/README.md,INDEX,BOTH,False
./ui/desktop/node_modules/@babel/helper-validator-identifier/README.md,INDEX,BOTH,False
./ui/desktop/node_modules/@babel/helper-validator-option/README.md,INDEX,BOTH,False
./ui/desktop/node_modules/babel-jest/README.md,INDEX,BOTH,False
./ui/desktop/node_modules/@babel/parser/CHANGELOG.md,OTHER,BOTH,True
./ui/desktop/node_modules/@babel/parser/README.md,INDEX,BOTH,False
./ui/desktop/node_modules/babel-plugin-istanbul/CHANGELOG.md,OTHER,BOTH,True
./ui/desktop/node_modules/babel-plugin-istanbul/node_modules/istanbul-lib-instrument/CHANGELOG.md,OTHER,BOTH,True
./ui/desktop/node_modules/babel-plugin-istanbul/node_modules/istanbul-lib-instrument/README.md,INDEX,BOTH,False
./ui/desktop/node_modules/babel-plugin-istanbul/node_modules/semver/README.md,INDEX,BOTH,False
./ui/desktop/node_modules/babel-plugin-istanbul/README.md,INDEX,BOTH,False
./ui/desktop/node_modules/babel-plugin-jest-hoist/README.md,INDEX,BOTH,False
./ui/desktop/node_modules/@babel/plugin-syntax-async-generators/README.md,INDEX,BOTH,False
./ui/desktop/node_modules/@babel/plugin-syntax-bigint/README.md,INDEX,BOTH,False
./ui/desktop/node_modules/@babel/plugin-syntax-class-properties/README.md,INDEX,BOTH,False
./ui/desktop/node_modules/@babel/plugin-syntax-class-static-block/README.md,INDEX,BOTH,False
./ui/desktop/node_modules/@babel/plugin-syntax-import-attributes/README.md,INDEX,BOTH,False
./ui/desktop/node_modules/@babel/plugin-syntax-import-meta/README.md,INDEX,BOTH,False
./ui/desktop/node_modules/@babel/plugin-syntax-json-strings/README.md,INDEX,BOTH,False
./ui/desktop/node_modules/@babel/plugin-syntax-jsx/README.md,INDEX,BOTH,False
./ui/desktop/node_modules/@babel/plugin-syntax-logical-assignment-operators/README.md,INDEX,BOTH,False
./ui/desktop/node_modules/@babel/plugin-syntax-nullish-coalescing-operator/README.md,INDEX,BOTH,False
./ui/desktop/node_modules/@babel/plugin-syntax-numeric-separator/README.md,INDEX,BOTH,False
./ui/desktop/node_modules/@babel/plugin-syntax-object-rest-spread/README.md,INDEX,BOTH,False
./ui/desktop/node_modules/@babel/plugin-syntax-optional-catch-binding/README.md,INDEX,BOTH,False
./ui/desktop/node_modules/@babel/plugin-syntax-optional-chaining/README.md,INDEX,BOTH,False
./ui/desktop/node_modules/@babel/plugin-syntax-private-property-in-object/README.md,INDEX,BOTH,False
./ui/desktop/node_modules/@babel/plugin-syntax-top-level-await/README.md,INDEX,BOTH,False
./ui/desktop/node_modules/@babel/plugin-syntax-typescript/README.md,INDEX,BOTH,False
./ui/desktop/node_modules/@babel/plugin-transform-react-jsx-self/README.md,INDEX,BOTH,False
./ui/desktop/node_modules/@babel/plugin-transform-react-jsx-source/README.md,INDEX,BOTH,False
./ui/desktop/node_modules/babel-preset-current-node-syntax/README.md,INDEX,BOTH,False
./ui/desktop/node_modules/babel-preset-jest/README.md,INDEX,BOTH,False
./ui/desktop/node_modules/@babel/runtime/README.md,INDEX,BOTH,False
./ui/desktop/node_modules/@babel/template/README.md,INDEX,BOTH,False
./ui/desktop/node_modules/@babel/traverse/README.md,INDEX,BOTH,False
./ui/desktop/node_modules/@babel/types/README.md,INDEX,BOTH,False
./ui/desktop/node_modules/balanced-match/LICENSE.md,OTHER,BOTH,False
./ui/desktop/node_modules/balanced-match/README.md,INDEX,BOTH,False
./ui/desktop/node_modules/baseline-browser-mapping/README.md,INDEX,BOTH,False
./ui/desktop/node_modules/@bcoe/v8-coverage/CHANGELOG.md,OTHER,BOTH,True
./ui/desktop/node_modules/@bcoe/v8-coverage/dist/lib/CHANGELOG.md,OTHER,BOTH,True
./ui/desktop/node_modules/@bcoe/v8-coverage/dist/lib/LICENSE.md,OTHER,BOTH,False
./ui/desktop/node_modules/@bcoe/v8-coverage/dist/lib/README.md,INDEX,BOTH,False
./ui/desktop/node_modules/@bcoe/v8-coverage/LICENSE.md,OTHER,BOTH,False
./ui/desktop/node_modules/@bcoe/v8-coverage/README.md,INDEX,BOTH,False
./ui/desktop/node_modules/brace-expansion/README.md,INDEX,BOTH,False
./ui/desktop/node_modules/braces/README.md,INDEX,BOTH,False
./ui/desktop/node_modules/browserslist/README.md,INDEX,BOTH,False
./ui/desktop/node_modules/bser/README.md,INDEX,BOTH,False
./ui/desktop/node_modules/bs-logger/CHANGELOG.md,OTHER,BOTH,True
./ui/desktop/node_modules/bs-logger/README.md,INDEX,BOTH,False
./ui/desktop/node_modules/buffer-from/readme.md,INDEX,BOTH,False
./ui/desktop/node_modules/call-bind-apply-helpers/CHANGELOG.md,OTHER,BOTH,True
./ui/desktop/node_modules/call-bind-apply-helpers/README.md,INDEX,BOTH,False
./ui/desktop/node_modules/call-bind/CHANGELOG.md,OTHER,BOTH,True
./ui/desktop/node_modules/call-bind/README.md,INDEX,BOTH,False
./ui/desktop/node_modules/call-bound/CHANGELOG.md,OTHER,BOTH,True
./ui/desktop/node_modules/call-bound/README.md,INDEX,BOTH,False
./ui/desktop/node_modules/callsites/readme.md,INDEX,BOTH,False
./ui/desktop/node_modules/camelcase/readme.md,INDEX,BOTH,False
./ui/desktop/node_modules/caniuse-lite/README.md,INDEX,BOTH,False
./ui/desktop/node_modules/chalk/readme.md,INDEX,BOTH,False
./ui/desktop/node_modules/char-regex/README.md,INDEX,BOTH,False
./ui/desktop/node_modules/ci-info/CHANGELOG.md,OTHER,BOTH,True
./ui/desktop/node_modules/ci-info/README.md,INDEX,BOTH,False
./ui/desktop/node_modules/cjs-module-lexer/README.md,INDEX,BOTH,False
./ui/desktop/node_modules/cliui/CHANGELOG.md,OTHER,BOTH,True
./ui/desktop/node_modules/cliui/node_modules/wrap-ansi/readme.md,INDEX,BOTH,False
./ui/desktop/node_modules/cliui/README.md,INDEX,BOTH,False
./ui/desktop/node_modules/cli-width/README.md,INDEX,BOTH,False
./ui/desktop/node_modules/clsx/readme.md,INDEX,BOTH,False
./ui/desktop/node_modules/co/History.md,OTHER,BOTH,False
./ui/desktop/node_modules/collect-v8-coverage/CHANGELOG.md,OTHER,BOTH,True
./ui/desktop/node_modules/collect-v8-coverage/README.md,INDEX,BOTH,False
./ui/desktop/node_modules/color-convert/CHANGELOG.md,OTHER,BOTH,True
./ui/desktop/node_modules/color-convert/README.md,INDEX,BOTH,False
./ui/desktop/node_modules/color-name/README.md,INDEX,BOTH,False
./ui/desktop/node_modules/combined-stream/Readme.md,INDEX,BOTH,False
./ui/desktop/node_modules/convert-source-map/README.md,INDEX,BOTH,False
./ui/desktop/node_modules/cookie/README.md,INDEX,BOTH,False
./ui/desktop/node_modules/co/Readme.md,INDEX,BOTH,False
./ui/desktop/node_modules/create-jest/README.md,INDEX,BOTH,False
./ui/desktop/node_modules/create-require/CHANGELOG.md,OTHER,BOTH,True
./ui/desktop/node_modules/create-require/README.md,INDEX,BOTH,False
./ui/desktop/node_modules/cross-spawn/README.md,INDEX,BOTH,False
./ui/desktop/node_modules/@cspotcode/source-map-support/LICENSE.md,OTHER,BOTH,False
./ui/desktop/node_modules/@cspotcode/source-map-support/node_modules/@jridgewell/trace-mapping/README.md,INDEX,BOTH,False
./ui/desktop/node_modules/@cspotcode/source-map-support/README.md,INDEX,BOTH,False
./ui/desktop/node_modules/css.escape/README.md,INDEX,BOTH,False
./ui/desktop/node_modules/cssstyle/README.md,INDEX,BOTH,False
./ui/desktop/node_modules/csstype/README.md,INDEX,BOTH,False
./ui/desktop/node_modules/data-urls/README.md,INDEX,BOTH,False
./ui/desktop/node_modules/date-fns/CHANGELOG.md,OTHER,BOTH,True
./ui/desktop/node_modules/date-fns/docs/constants.md,OTHER,BOTH,False
./ui/desktop/node_modules/date-fns/docs/esm.md,OTHER,BOTH,False
./ui/desktop/node_modules/date-fns/docs/fp.md,OTHER,BOTH,False
./ui/desktop/node_modules/date-fns/docs/gettingStarted.md,OTHER,BOTH,False
./ui/desktop/node_modules/date-fns/docs/i18nContributionGuide.md,OTHER,BOTH,False
./ui/desktop/node_modules/date-fns/docs/i18n.md,OTHER,BOTH,False
./ui/desktop/node_modules/date-fns/docs/release.md,OTHER,BOTH,False
./ui/desktop/node_modules/date-fns/docs/timeZones.md,OTHER,BOTH,False
./ui/desktop/node_modules/date-fns/docs/unicodeTokens.md,OTHER,BOTH,False
./ui/desktop/node_modules/date-fns/docs/upgradeGuide.md,OTHER,BOTH,False
./ui/desktop/node_modules/date-fns/docs/webpack.md,OTHER,BOTH,False
./ui/desktop/node_modules/date-fns/LICENSE.md,OTHER,BOTH,False
./ui/desktop/node_modules/date-fns/README.md,INDEX,BOTH,False
./ui/desktop/node_modules/debug/README.md,INDEX,BOTH,False
./ui/desktop/node_modules/decimal.js/LICENCE.md,OTHER,BOTH,False
./ui/desktop/node_modules/decimal.js/README.md,INDEX,BOTH,False
./ui/desktop/node_modules/dedent/LICENSE.md,OTHER,BOTH,False
./ui/desktop/node_modules/dedent/README.md,INDEX,BOTH,False
./ui/desktop/node_modules/deep-equal/CHANGELOG.md,OTHER,BOTH,True
./ui/desktop/node_modules/deepmerge/changelog.md,OTHER,BOTH,False
./ui/desktop/node_modules/deepmerge/readme.md,INDEX,BOTH,False
./ui/desktop/node_modules/define-data-property/CHANGELOG.md,OTHER,BOTH,True
./ui/desktop/node_modules/define-data-property/README.md,INDEX,BOTH,False
./ui/desktop/node_modules/define-properties/CHANGELOG.md,OTHER,BOTH,True
./ui/desktop/node_modules/define-properties/README.md,INDEX,BOTH,False
./ui/desktop/node_modules/delayed-stream/Readme.md,INDEX,BOTH,False
./ui/desktop/node_modules/dequal/readme.md,INDEX,BOTH,False
./ui/desktop/node_modules/detect-newline/readme.md,INDEX,BOTH,False
./ui/desktop/node_modules/diff/CONTRIBUTING.md,OTHER,BOTH,True
./ui/desktop/node_modules/diff/README.md,INDEX,BOTH,False
./ui/desktop/node_modules/diff/release-notes.md,OTHER,BOTH,False
./ui/desktop/node_modules/diff-sequences/README.md,INDEX,BOTH,False
./ui/desktop/node_modules/dir-glob/readme.md,INDEX,BOTH,False
./ui/desktop/node_modules/dns-packet/README.md,INDEX,BOTH,False
./ui/desktop/node_modules/doctrine/CHANGELOG.md,OTHER,BOTH,True
./ui/desktop/node_modules/doctrine/README.md,INDEX,BOTH,False
./ui/desktop/node_modules/dom-accessibility-api/LICENSE.md,OTHER,BOTH,False
./ui/desktop/node_modules/dom-accessibility-api/README.md,INDEX,BOTH,False
./ui/desktop/node_modules/domexception/README.md,INDEX,BOTH,False
./ui/desktop/node_modules/dunder-proto/CHANGELOG.md,OTHER,BOTH,True
./ui/desktop/node_modules/dunder-proto/README.md,INDEX,BOTH,False
./ui/desktop/node_modules/electron-to-chromium/README.md,INDEX,BOTH,False
./ui/desktop/node_modules/emittery/readme.md,INDEX,BOTH,False
./ui/desktop/node_modules/emoji-regex/README.md,INDEX,BOTH,False
./ui/desktop/node_modules/entities/readme.md,INDEX,BOTH,False
./ui/desktop/node_modules/error-ex/README.md,INDEX,BOTH,False
./ui/desktop/node_modules/esbuild/LICENSE.md,OTHER,BOTH,False
./ui/desktop/node_modules/@esbuild/linux-x64/README.md,INDEX,BOTH,False
./ui/desktop/node_modules/esbuild/README.md,INDEX,BOTH,False
./ui/desktop/node_modules/escalade/readme.md,INDEX,BOTH,False
./ui/desktop/node_modules/escape-string-regexp/readme.md,INDEX,BOTH,False
./ui/desktop/node_modules/escodegen/README.md,INDEX,BOTH,False
./ui/desktop/node_modules/es-define-property/CHANGELOG.md,OTHER,BOTH,True
./ui/desktop/node_modules/es-define-property/README.md,INDEX,BOTH,False
./ui/desktop/node_modules/es-errors/CHANGELOG.md,OTHER,BOTH,True
./ui/desktop/node_modules/es-errors/README.md,INDEX,BOTH,False
./ui/desktop/node_modules/es-get-iterator/CHANGELOG.md,OTHER,BOTH,True
./ui/desktop/node_modules/es-get-iterator/README.md,INDEX,BOTH,False
./ui/desktop/node_modules/@eslint-community/eslint-utils/README.md,INDEX,BOTH,False
./ui/desktop/node_modules/@eslint-community/regexpp/README.md,INDEX,BOTH,False
./ui/desktop/node_modules/@eslint/eslintrc/node_modules/brace-expansion/README.md,INDEX,BOTH,False
./ui/desktop/node_modules/@eslint/eslintrc/node_modules/minimatch/README.md,INDEX,BOTH,False
./ui/desktop/node_modules/@eslint/eslintrc/README.md,INDEX,BOTH,False
./ui/desktop/node_modules/@eslint/js/README.md,INDEX,BOTH,False
./ui/desktop/node_modules/eslint/node_modules/brace-expansion/README.md,INDEX,BOTH,False
./ui/desktop/node_modules/eslint/node_modules/minimatch/README.md,INDEX,BOTH,False
./ui/desktop/node_modules/eslint-plugin-react-hooks/README.md,INDEX,BOTH,False
./ui/desktop/node_modules/eslint-plugin-react-refresh/README.md,INDEX,BOTH,False
./ui/desktop/node_modules/eslint/README.md,INDEX,BOTH,False
./ui/desktop/node_modules/eslint-scope/README.md,INDEX,BOTH,False
./ui/desktop/node_modules/eslint-visitor-keys/README.md,INDEX,BOTH,False
./ui/desktop/node_modules/es-object-atoms/CHANGELOG.md,OTHER,BOTH,True
./ui/desktop/node_modules/es-object-atoms/README.md,INDEX,BOTH,False
./ui/desktop/node_modules/espree/README.md,INDEX,BOTH,False
./ui/desktop/node_modules/esprima/README.md,INDEX,BOTH,False
./ui/desktop/node_modules/esquery/README.md,INDEX,BOTH,False
./ui/desktop/node_modules/esrecurse/README.md,INDEX,BOTH,False
./ui/desktop/node_modules/es-set-tostringtag/CHANGELOG.md,OTHER,BOTH,True
./ui/desktop/node_modules/es-set-tostringtag/README.md,INDEX,BOTH,False
./ui/desktop/node_modules/estraverse/README.md,INDEX,BOTH,False
./ui/desktop/node_modules/esutils/README.md,INDEX,BOTH,False
./ui/desktop/node_modules/execa/readme.md,INDEX,BOTH,False
./ui/desktop/node_modules/exit/README.md,INDEX,BOTH,False
./ui/desktop/node_modules/expect/README.md,INDEX,BOTH,False
./ui/desktop/node_modules/fast-deep-equal/README.md,INDEX,BOTH,False
./ui/desktop/node_modules/fast-glob/node_modules/glob-parent/CHANGELOG.md,OTHER,BOTH,True
./ui/desktop/node_modules/fast-glob/node_modules/glob-parent/README.md,INDEX,BOTH,False
./ui/desktop/node_modules/fast-glob/README.md,INDEX,BOTH,False
./ui/desktop/node_modules/fast-json-stable-stringify/README.md,INDEX,BOTH,False
./ui/desktop/node_modules/fast-levenshtein/LICENSE.md,OTHER,BOTH,False
./ui/desktop/node_modules/fast-levenshtein/README.md,INDEX,BOTH,False
./ui/desktop/node_modules/fastq/README.md,INDEX,BOTH,False
./ui/desktop/node_modules/fastq/SECURITY.md,OTHER,BOTH,True
./ui/desktop/node_modules/fb-watchman/README.md,INDEX,BOTH,False
./ui/desktop/node_modules/file-entry-cache/changelog.md,OTHER,BOTH,False
./ui/desktop/node_modules/file-entry-cache/README.md,INDEX,BOTH,False
./ui/desktop/node_modules/fill-range/README.md,INDEX,BOTH,False
./ui/desktop/node_modules/find-up/readme.md,INDEX,BOTH,False
./ui/desktop/node_modules/flat-cache/changelog.md,OTHER,BOTH,False
./ui/desktop/node_modules/flat-cache/README.md,INDEX,BOTH,False
./ui/desktop/node_modules/flatted/README.md,INDEX,BOTH,False
./ui/desktop/node_modules/follow-redirects/README.md,INDEX,BOTH,False
./ui/desktop/node_modules/for-each/CHANGELOG.md,OTHER,BOTH,True
./ui/desktop/node_modules/for-each/.github/SECURITY.md,OTHER,BOTH,True
./ui/desktop/node_modules/for-each/README.md,INDEX,BOTH,False
./ui/desktop/node_modules/form-data/CHANGELOG.md,OTHER,BOTH,True
./ui/desktop/node_modules/form-data/README.md,INDEX,BOTH,False
./ui/desktop/node_modules/fs.realpath/README.md,INDEX,BOTH,False
./ui/desktop/node_modules/function-bind/CHANGELOG.md,OTHER,BOTH,True
./ui/desktop/node_modules/function-bind/.github/SECURITY.md,OTHER,BOTH,True
./ui/desktop/node_modules/function-bind/README.md,INDEX,BOTH,False
./ui/desktop/node_modules/functions-have-names/CHANGELOG.md,OTHER,BOTH,True
./ui/desktop/node_modules/functions-have-names/README.md,INDEX,BOTH,False
./ui/desktop/node_modules/gensync/README.md,INDEX,BOTH,False
./ui/desktop/node_modules/get-caller-file/LICENSE.md,OTHER,BOTH,False
./ui/desktop/node_modules/get-caller-file/README.md,INDEX,BOTH,False
./ui/desktop/node_modules/get-intrinsic/CHANGELOG.md,OTHER,BOTH,True
./ui/desktop/node_modules/get-intrinsic/README.md,INDEX,BOTH,False
./ui/desktop/node_modules/get-package-type/CHANGELOG.md,OTHER,BOTH,True
./ui/desktop/node_modules/get-package-type/README.md,INDEX,BOTH,False
./ui/desktop/node_modules/get-proto/CHANGELOG.md,OTHER,BOTH,True
./ui/desktop/node_modules/get-proto/README.md,INDEX,BOTH,False
./ui/desktop/node_modules/get-stream/readme.md,INDEX,BOTH,False
./ui/desktop/node_modules/globals/readme.md,INDEX,BOTH,False
./ui/desktop/node_modules/globby/readme.md,INDEX,BOTH,False
./ui/desktop/node_modules/glob/node_modules/brace-expansion/README.md,INDEX,BOTH,False
./ui/desktop/node_modules/glob/node_modules/minimatch/README.md,INDEX,BOTH,False
./ui/desktop/node_modules/glob-parent/README.md,INDEX,BOTH,False
./ui/desktop/node_modules/glob/README.md,INDEX,BOTH,False
./ui/desktop/node_modules/gopd/CHANGELOG.md,OTHER,BOTH,True
./ui/desktop/node_modules/gopd/README.md,INDEX,BOTH,False
./ui/desktop/node_modules/graceful-fs/README.md,INDEX,BOTH,False
./ui/desktop/node_modules/graphemer/CHANGELOG.md,OTHER,BOTH,True
./ui/desktop/node_modules/graphemer/README.md,INDEX,BOTH,False
./ui/desktop/node_modules/graphql/README.md,INDEX,BOTH,False
./ui/desktop/node_modules/handlebars/release-notes.md,OTHER,BOTH,False
./ui/desktop/node_modules/has-bigints/CHANGELOG.md,OTHER,BOTH,True
./ui/desktop/node_modules/has-bigints/README.md,INDEX,BOTH,False
./ui/desktop/node_modules/has-flag/readme.md,INDEX,BOTH,False
./ui/desktop/node_modules/hasown/CHANGELOG.md,OTHER,BOTH,True
./ui/desktop/node_modules/hasown/README.md,INDEX,BOTH,False
./ui/desktop/node_modules/has-property-descriptors/CHANGELOG.md,OTHER,BOTH,True
./ui/desktop/node_modules/has-property-descriptors/README.md,INDEX,BOTH,False
./ui/desktop/node_modules/has-symbols/CHANGELOG.md,OTHER,BOTH,True
./ui/desktop/node_modules/has-symbols/README.md,INDEX,BOTH,False
./ui/desktop/node_modules/has-tostringtag/CHANGELOG.md,OTHER,BOTH,True
./ui/desktop/node_modules/has-tostringtag/README.md,INDEX,BOTH,False
./ui/desktop/node_modules/headers-polyfill/README.md,INDEX,BOTH,False
./ui/desktop/node_modules/@headlessui/react/README.md,INDEX,BOTH,False
./ui/desktop/node_modules/@heroicons/react/README.md,INDEX,BOTH,False
./ui/desktop/node_modules/html-encoding-sniffer/README.md,INDEX,BOTH,False
./ui/desktop/node_modules/html-escaper/README.md,INDEX,BOTH,False
./ui/desktop/node_modules/http-proxy-agent/README.md,INDEX,BOTH,False
./ui/desktop/node_modules/https-proxy-agent/README.md,INDEX,BOTH,False
./ui/desktop/node_modules/human-signals/CHANGELOG.md,OTHER,BOTH,True
./ui/desktop/node_modules/human-signals/README.md,INDEX,BOTH,False
./ui/desktop/node_modules/@humanwhocodes/config-array/node_modules/brace-expansion/README.md,INDEX,BOTH,False
./ui/desktop/node_modules/@humanwhocodes/config-array/node_modules/minimatch/README.md,INDEX,BOTH,False
./ui/desktop/node_modules/@humanwhocodes/config-array/README.md,INDEX,BOTH,False
./ui/desktop/node_modules/@humanwhocodes/module-importer/CHANGELOG.md,OTHER,BOTH,True
./ui/desktop/node_modules/@humanwhocodes/module-importer/README.md,INDEX,BOTH,False
./ui/desktop/node_modules/@humanwhocodes/object-schema/CHANGELOG.md,OTHER,BOTH,True
./ui/desktop/node_modules/@humanwhocodes/object-schema/README.md,INDEX,BOTH,False
./ui/desktop/node_modules/iconv-lite/Changelog.md,OTHER,BOTH,False
./ui/desktop/node_modules/iconv-lite/README.md,INDEX,BOTH,False
./ui/desktop/node_modules/ignore/README.md,INDEX,BOTH,False
./ui/desktop/node_modules/import-fresh/readme.md,INDEX,BOTH,False
./ui/desktop/node_modules/import-local/readme.md,INDEX,BOTH,False
./ui/desktop/node_modules/imurmurhash/README.md,INDEX,BOTH,False
./ui/desktop/node_modules/indent-string/readme.md,INDEX,BOTH,False
./ui/desktop/node_modules/inflight/README.md,INDEX,BOTH,False
./ui/desktop/node_modules/inherits/README.md,INDEX,BOTH,False
./ui/desktop/node_modules/@inquirer/ansi/README.md,INDEX,BOTH,False
./ui/desktop/node_modules/@inquirer/confirm/README.md,INDEX,BOTH,False
./ui/desktop/node_modules/@inquirer/core/node_modules/signal-exit/README.md,INDEX,BOTH,False
./ui/desktop/node_modules/@inquirer/core/README.md,INDEX,BOTH,False
./ui/desktop/node_modules/internal-slot/CHANGELOG.md,OTHER,BOTH,True
./ui/desktop/node_modules/internal-slot/README.md,INDEX,BOTH,False
./ui/desktop/node_modules/is-arguments/CHANGELOG.md,OTHER,BOTH,True
./ui/desktop/node_modules/is-arguments/README.md,INDEX,BOTH,False
./ui/desktop/node_modules/is-array-buffer/CHANGELOG.md,OTHER,BOTH,True
./ui/desktop/node_modules/is-array-buffer/README.md,INDEX,BOTH,False
./ui/desktop/node_modules/is-arrayish/README.md,INDEX,BOTH,False
./ui/desktop/node_modules/isarray/README.md,INDEX,BOTH,False
./ui/desktop/node_modules/is-bigint/CHANGELOG.md,OTHER,BOTH,True
./ui/desktop/node_modules/is-bigint/README.md,INDEX,BOTH,False
./ui/desktop/node_modules/is-boolean-object/CHANGELOG.md,OTHER,BOTH,True
./ui/desktop/node_modules/is-boolean-object/README.md,INDEX,BOTH,False
./ui/desktop/node_modules/is-callable/CHANGELOG.md,OTHER,BOTH,True
./ui/desktop/node_modules/is-callable/README.md,INDEX,BOTH,False
./ui/desktop/node_modules/is-core-module/CHANGELOG.md,OTHER,BOTH,True
./ui/desktop/node_modules/is-core-module/README.md,INDEX,BOTH,False
./ui/desktop/node_modules/is-date-object/CHANGELOG.md,OTHER,BOTH,True
./ui/desktop/node_modules/is-date-object/README.md,INDEX,BOTH,False
./ui/desktop/node_modules/isexe/README.md,INDEX,BOTH,False
./ui/desktop/node_modules/is-extglob/README.md,INDEX,BOTH,False
./ui/desktop/node_modules/is-fullwidth-code-point/readme.md,INDEX,BOTH,False
./ui/desktop/node_modules/is-generator-fn/readme.md,INDEX,BOTH,False
./ui/desktop/node_modules/is-glob/README.md,INDEX,BOTH,False
./ui/desktop/node_modules/is-map/CHANGELOG.md,OTHER,BOTH,True
./ui/desktop/node_modules/is-map/README.md,INDEX,BOTH,False
./ui/desktop/node_modules/is-node-process/README.md,INDEX,BOTH,False
./ui/desktop/node_modules/is-number-object/CHANGELOG.md,OTHER,BOTH,True
./ui/desktop/node_modules/is-number-object/README.md,INDEX,BOTH,False
./ui/desktop/node_modules/is-number/README.md,INDEX,BOTH,False
./ui/desktop/node_modules/is-path-inside/readme.md,INDEX,BOTH,False
./ui/desktop/node_modules/is-potential-custom-element-name/README.md,INDEX,BOTH,False
./ui/desktop/node_modules/is-regex/CHANGELOG.md,OTHER,BOTH,True
./ui/desktop/node_modules/is-regex/README.md,INDEX,BOTH,False
./ui/desktop/node_modules/is-set/CHANGELOG.md,OTHER,BOTH,True
./ui/desktop/node_modules/is-set/README.md,INDEX,BOTH,False
./ui/desktop/node_modules/is-shared-array-buffer/CHANGELOG.md,OTHER,BOTH,True
./ui/desktop/node_modules/is-shared-array-buffer/README.md,INDEX,BOTH,False
./ui/desktop/node_modules/is-stream/readme.md,INDEX,BOTH,False
./ui/desktop/node_modules/is-string/CHANGELOG.md,OTHER,BOTH,True
./ui/desktop/node_modules/is-string/README.md,INDEX,BOTH,False
./ui/desktop/node_modules/is-symbol/CHANGELOG.md,OTHER,BOTH,True
./ui/desktop/node_modules/is-symbol/README.md,INDEX,BOTH,False
./ui/desktop/node_modules/@istanbuljs/load-nyc-config/CHANGELOG.md,OTHER,BOTH,True
./ui/desktop/node_modules/@istanbuljs/load-nyc-config/node_modules/argparse/CHANGELOG.md,OTHER,BOTH,True
./ui/desktop/node_modules/@istanbuljs/load-nyc-config/node_modules/argparse/README.md,INDEX,BOTH,False
./ui/desktop/node_modules/@istanbuljs/load-nyc-config/node_modules/find-up/readme.md,INDEX,BOTH,False
./ui/desktop/node_modules/@istanbuljs/load-nyc-config/node_modules/js-yaml/CHANGELOG.md,OTHER,BOTH,True
./ui/desktop/node_modules/@istanbuljs/load-nyc-config/node_modules/js-yaml/README.md,INDEX,BOTH,False
./ui/desktop/node_modules/@istanbuljs/load-nyc-config/node_modules/locate-path/readme.md,INDEX,BOTH,False
./ui/desktop/node_modules/@istanbuljs/load-nyc-config/node_modules/p-limit/readme.md,INDEX,BOTH,False
./ui/desktop/node_modules/@istanbuljs/load-nyc-config/node_modules/p-locate/readme.md,INDEX,BOTH,False
./ui/desktop/node_modules/@istanbuljs/load-nyc-config/node_modules/resolve-from/readme.md,INDEX,BOTH,False
./ui/desktop/node_modules/@istanbuljs/load-nyc-config/README.md,INDEX,BOTH,False
./ui/desktop/node_modules/@istanbuljs/schema/CHANGELOG.md,OTHER,BOTH,True
./ui/desktop/node_modules/@istanbuljs/schema/README.md,INDEX,BOTH,False
./ui/desktop/node_modules/istanbul-lib-coverage/CHANGELOG.md,OTHER,BOTH,True
./ui/desktop/node_modules/istanbul-lib-coverage/README.md,INDEX,BOTH,False
./ui/desktop/node_modules/istanbul-lib-instrument/CHANGELOG.md,OTHER,BOTH,True
./ui/desktop/node_modules/istanbul-lib-instrument/README.md,INDEX,BOTH,False
./ui/desktop/node_modules/istanbul-lib-report/CHANGELOG.md,OTHER,BOTH,True
./ui/desktop/node_modules/istanbul-lib-report/README.md,INDEX,BOTH,False
./ui/desktop/node_modules/istanbul-lib-source-maps/CHANGELOG.md,OTHER,BOTH,True
./ui/desktop/node_modules/istanbul-lib-source-maps/README.md,INDEX,BOTH,False
./ui/desktop/node_modules/istanbul-reports/CHANGELOG.md,OTHER,BOTH,True
./ui/desktop/node_modules/istanbul-reports/README.md,INDEX,BOTH,False
./ui/desktop/node_modules/is-weakmap/CHANGELOG.md,OTHER,BOTH,True
./ui/desktop/node_modules/is-weakmap/README.md,INDEX,BOTH,False
./ui/desktop/node_modules/is-weakset/CHANGELOG.md,OTHER,BOTH,True
./ui/desktop/node_modules/is-weakset/README.md,INDEX,BOTH,False
./ui/desktop/node_modules/jest-changed-files/README.md,INDEX,BOTH,False
./ui/desktop/node_modules/jest-circus/node_modules/ansi-styles/readme.md,INDEX,BOTH,False
./ui/desktop/node_modules/jest-circus/node_modules/pretty-format/README.md,INDEX,BOTH,False
./ui/desktop/node_modules/jest-circus/node_modules/react-is/README.md,INDEX,BOTH,False
./ui/desktop/node_modules/jest-circus/README.md,INDEX,BOTH,False
./ui/desktop/node_modules/jest-cli/README.md,INDEX,BOTH,False
./ui/desktop/node_modules/jest-config/node_modules/ansi-styles/readme.md,INDEX,BOTH,False
./ui/desktop/node_modules/jest-config/node_modules/pretty-format/README.md,INDEX,BOTH,False
./ui/desktop/node_modules/jest-config/node_modules/react-is/README.md,INDEX,BOTH,False
./ui/desktop/node_modules/@jest/core/node_modules/ansi-styles/readme.md,INDEX,BOTH,False
./ui/desktop/node_modules/@jest/core/node_modules/pretty-format/README.md,INDEX,BOTH,False
./ui/desktop/node_modules/@jest/core/node_modules/react-is/README.md,INDEX,BOTH,False
./ui/desktop/node_modules/@jest/core/README.md,INDEX,BOTH,False
./ui/desktop/node_modules/jest-diff/node_modules/ansi-styles/readme.md,INDEX,BOTH,False
./ui/desktop/node_modules/jest-diff/node_modules/pretty-format/README.md,INDEX,BOTH,False
./ui/desktop/node_modules/jest-diff/node_modules/react-is/README.md,INDEX,BOTH,False
./ui/desktop/node_modules/jest-diff/README.md,INDEX,BOTH,False
./ui/desktop/node_modules/jest-docblock/README.md,INDEX,BOTH,False
./ui/desktop/node_modules/jest-each/node_modules/ansi-styles/readme.md,INDEX,BOTH,False
./ui/desktop/node_modules/jest-each/node_modules/pretty-format/README.md,INDEX,BOTH,False
./ui/desktop/node_modules/jest-each/node_modules/react-is/README.md,INDEX,BOTH,False
./ui/desktop/node_modules/jest-each/README.md,INDEX,BOTH,False
./ui/desktop/node_modules/@jest/expect/README.md,INDEX,BOTH,False
./ui/desktop/node_modules/@jest/expect-utils/README.md,INDEX,BOTH,False
./ui/desktop/node_modules/jest-leak-detector/node_modules/ansi-styles/readme.md,INDEX,BOTH,False
./ui/desktop/node_modules/jest-leak-detector/node_modules/pretty-format/README.md,INDEX,BOTH,False
./ui/desktop/node_modules/jest-leak-detector/node_modules/react-is/README.md,INDEX,BOTH,False
./ui/desktop/node_modules/jest-leak-detector/README.md,INDEX,BOTH,False
./ui/desktop/node_modules/jest-matcher-utils/node_modules/ansi-styles/readme.md,INDEX,BOTH,False
./ui/desktop/node_modules/jest-matcher-utils/node_modules/pretty-format/README.md,INDEX,BOTH,False
./ui/desktop/node_modules/jest-matcher-utils/node_modules/react-is/README.md,INDEX,BOTH,False
./ui/desktop/node_modules/jest-matcher-utils/README.md,INDEX,BOTH,False
./ui/desktop/node_modules/jest-message-util/node_modules/ansi-styles/readme.md,INDEX,BOTH,False
./ui/desktop/node_modules/jest-message-util/node_modules/pretty-format/README.md,INDEX,BOTH,False
./ui/desktop/node_modules/jest-message-util/node_modules/react-is/README.md,INDEX,BOTH,False
./ui/desktop/node_modules/jest-mock/README.md,INDEX,BOTH,False
./ui/desktop/node_modules/jest-pnp-resolver/README.md,INDEX,BOTH,False
./ui/desktop/node_modules/jest/README.md,INDEX,BOTH,False
./ui/desktop/node_modules/@jest/schemas/README.md,INDEX,BOTH,False
./ui/desktop/node_modules/jest-snapshot/node_modules/ansi-styles/readme.md,INDEX,BOTH,False
./ui/desktop/node_modules/jest-snapshot/node_modules/pretty-format/README.md,INDEX,BOTH,False
./ui/desktop/node_modules/jest-snapshot/node_modules/react-is/README.md,INDEX,BOTH,False
./ui/desktop/node_modules/@jest/types/README.md,INDEX,BOTH,False
./ui/desktop/node_modules/jest-util/Readme.md,INDEX,BOTH,False
./ui/desktop/node_modules/jest-validate/node_modules/ansi-styles/readme.md,INDEX,BOTH,False
./ui/desktop/node_modules/jest-validate/node_modules/camelcase/readme.md,INDEX,BOTH,False
./ui/desktop/node_modules/jest-validate/node_modules/pretty-format/README.md,INDEX,BOTH,False
./ui/desktop/node_modules/jest-validate/node_modules/react-is/README.md,INDEX,BOTH,False
./ui/desktop/node_modules/jest-validate/README.md,INDEX,BOTH,False
./ui/desktop/node_modules/jest-worker/node_modules/supports-color/readme.md,INDEX,BOTH,False
./ui/desktop/node_modules/jest-worker/README.md,INDEX,BOTH,False
./ui/desktop/node_modules/@jridgewell/gen-mapping/README.md,INDEX,BOTH,False
./ui/desktop/node_modules/@jridgewell/remapping/README.md,INDEX,BOTH,False
./ui/desktop/node_modules/@jridgewell/resolve-uri/README.md,INDEX,BOTH,False
./ui/desktop/node_modules/@jridgewell/sourcemap-codec/README.md,INDEX,BOTH,False
./ui/desktop/node_modules/@jridgewell/trace-mapping/README.md,INDEX,BOTH,False
./ui/desktop/node_modules/jsdom/README.md,INDEX,BOTH,False
./ui/desktop/node_modules/jsesc/README.md,INDEX,BOTH,False
./ui/desktop/node_modules/json5/LICENSE.md,OTHER,BOTH,False
./ui/desktop/node_modules/json5/README.md,INDEX,BOTH,False
./ui/desktop/node_modules/json-buffer/README.md,INDEX,BOTH,False
./ui/desktop/node_modules/json-parse-even-better-errors/CHANGELOG.md,OTHER,BOTH,True
./ui/desktop/node_modules/json-parse-even-better-errors/LICENSE.md,OTHER,BOTH,False
./ui/desktop/node_modules/json-parse-even-better-errors/README.md,INDEX,BOTH,False
./ui/desktop/node_modules/json-schema-traverse/README.md,INDEX,BOTH,False
./ui/desktop/node_modules/js-tokens/CHANGELOG.md,OTHER,BOTH,True
./ui/desktop/node_modules/js-tokens/README.md,INDEX,BOTH,False
./ui/desktop/node_modules/js-yaml/CHANGELOG.md,OTHER,BOTH,True
./ui/desktop/node_modules/js-yaml/README.md,INDEX,BOTH,False
./ui/desktop/node_modules/keyv/README.md,INDEX,BOTH,False
./ui/desktop/node_modules/kleur/readme.md,INDEX,BOTH,False
./ui/desktop/node_modules/@leichtgewicht/ip-codec/Readme.md,INDEX,BOTH,False
./ui/desktop/node_modules/leven/readme.md,INDEX,BOTH,False
./ui/desktop/node_modules/levn/README.md,INDEX,BOTH,False
./ui/desktop/node_modules/lines-and-columns/README.md,INDEX,BOTH,False
./ui/desktop/node_modules/locate-path/readme.md,INDEX,BOTH,False
./ui/desktop/node_modules/lodash.memoize/README.md,INDEX,BOTH,False
./ui/desktop/node_modules/lodash.merge/README.md,INDEX,BOTH,False
./ui/desktop/node_modules/loose-envify/README.md,INDEX,BOTH,False
./ui/desktop/node_modules/lru-cache/README.md,INDEX,BOTH,False
./ui/desktop/node_modules/lz-string/README.md,INDEX,BOTH,False
./ui/desktop/node_modules/make-dir/readme.md,INDEX,BOTH,False
./ui/desktop/node_modules/makeerror/readme.md,INDEX,BOTH,False
./ui/desktop/node_modules/make-error/README.md,INDEX,BOTH,False
./ui/desktop/node_modules/math-intrinsics/CHANGELOG.md,OTHER,BOTH,True
./ui/desktop/node_modules/math-intrinsics/README.md,INDEX,BOTH,False
./ui/desktop/node_modules/merge2/README.md,INDEX,BOTH,False
./ui/desktop/node_modules/merge-stream/README.md,INDEX,BOTH,False
./ui/desktop/node_modules/micromatch/README.md,INDEX,BOTH,False
./ui/desktop/node_modules/mime-db/HISTORY.md,OTHER,BOTH,False
./ui/desktop/node_modules/mime-db/README.md,INDEX,BOTH,False
./ui/desktop/node_modules/mime-types/HISTORY.md,OTHER,BOTH,False
./ui/desktop/node_modules/mime-types/README.md,INDEX,BOTH,False
./ui/desktop/node_modules/mimic-fn/readme.md,INDEX,BOTH,False
./ui/desktop/node_modules/minimatch/README.md,INDEX,BOTH,False
./ui/desktop/node_modules/minimist/CHANGELOG.md,OTHER,BOTH,True
./ui/desktop/node_modules/minimist/README.md,INDEX,BOTH,False
./ui/desktop/node_modules/min-indent/readme.md,INDEX,BOTH,False
./ui/desktop/node_modules/ms/license.md,OTHER,BOTH,False
./ui/desktop/node_modules/ms/readme.md,INDEX,BOTH,False
./ui/desktop/node_modules/@mswjs/interceptors/LICENSE.md,OTHER,BOTH,False
./ui/desktop/node_modules/@mswjs/interceptors/README.md,INDEX,BOTH,False
./ui/desktop/node_modules/msw/LICENSE.md,OTHER,BOTH,False
./ui/desktop/node_modules/msw/node_modules/tough-cookie/README.md,INDEX,BOTH,False
./ui/desktop/node_modules/msw/node_modules/type-fest/readme.md,INDEX,BOTH,False
./ui/desktop/node_modules/msw/README.md,INDEX,BOTH,False
./ui/desktop/node_modules/multicast-dns/README.md,INDEX,BOTH,False
./ui/desktop/node_modules/mute-stream/README.md,INDEX,BOTH,False
./ui/desktop/node_modules/nanoid/README.md,INDEX,BOTH,False
./ui/desktop/node_modules/natural-compare/README.md,INDEX,BOTH,False
./ui/desktop/node_modules/neo-async/README.md,INDEX,BOTH,False
./ui/desktop/node_modules/node-int64/README.md,INDEX,BOTH,False
./ui/desktop/node_modules/@nodelib/fs.scandir/README.md,INDEX,BOTH,False
./ui/desktop/node_modules/@nodelib/fs.stat/README.md,INDEX,BOTH,False
./ui/desktop/node_modules/@nodelib/fs.walk/README.md,INDEX,BOTH,False
./ui/desktop/node_modules/node-releases/README.md,INDEX,BOTH,False
./ui/desktop/node_modules/normalize-path/README.md,INDEX,BOTH,False
./ui/desktop/node_modules/npm-run-path/readme.md,INDEX,BOTH,False
./ui/desktop/node_modules/nwsapi/README.md,INDEX,BOTH,False
./ui/desktop/node_modules/object.assign/CHANGELOG.md,OTHER,BOTH,True
./ui/desktop/node_modules/object.assign/README.md,INDEX,BOTH,False
./ui/desktop/node_modules/object-inspect/CHANGELOG.md,OTHER,BOTH,True
./ui/desktop/node_modules/object-is/CHANGELOG.md,OTHER,BOTH,True
./ui/desktop/node_modules/object-is/README.md,INDEX,BOTH,False
./ui/desktop/node_modules/object-keys/CHANGELOG.md,OTHER,BOTH,True
./ui/desktop/node_modules/object-keys/README.md,INDEX,BOTH,False
./ui/desktop/node_modules/once/README.md,INDEX,BOTH,False
./ui/desktop/node_modules/onetime/readme.md,INDEX,BOTH,False
./ui/desktop/node_modules/@open-draft/deferred-promise/README.md,INDEX,BOTH,False
./ui/desktop/node_modules/@open-draft/logger/README.md,INDEX,BOTH,False
./ui/desktop/node_modules/@open-draft/until/README.md,INDEX,BOTH,False
./ui/desktop/node_modules/optionator/CHANGELOG.md,OTHER,BOTH,True
./ui/desktop/node_modules/optionator/README.md,INDEX,BOTH,False
./ui/desktop/node_modules/outvariant/README.md,INDEX,BOTH,False
./ui/desktop/node_modules/parent-module/readme.md,INDEX,BOTH,False
./ui/desktop/node_modules/parse5/README.md,INDEX,BOTH,False
./ui/desktop/node_modules/parse-json/readme.md,INDEX,BOTH,False
./ui/desktop/node_modules/path-exists/readme.md,INDEX,BOTH,False
./ui/desktop/node_modules/path-is-absolute/readme.md,INDEX,BOTH,False
./ui/desktop/node_modules/path-key/readme.md,INDEX,BOTH,False
./ui/desktop/node_modules/path-parse/README.md,INDEX,BOTH,False
./ui/desktop/node_modules/path-to-regexp/Readme.md,INDEX,BOTH,False
./ui/desktop/node_modules/path-type/readme.md,INDEX,BOTH,False
./ui/desktop/node_modules/picocolors/README.md,INDEX,BOTH,False
./ui/desktop/node_modules/picomatch/CHANGELOG.md,OTHER,BOTH,True
./ui/desktop/node_modules/picomatch/README.md,INDEX,BOTH,False
./ui/desktop/node_modules/pirates/README.md,INDEX,BOTH,False
./ui/desktop/node_modules/pkg-dir/node_modules/find-up/readme.md,INDEX,BOTH,False
./ui/desktop/node_modules/pkg-dir/node_modules/locate-path/readme.md,INDEX,BOTH,False
./ui/desktop/node_modules/pkg-dir/node_modules/p-limit/readme.md,INDEX,BOTH,False
./ui/desktop/node_modules/pkg-dir/node_modules/p-locate/readme.md,INDEX,BOTH,False
./ui/desktop/node_modules/pkg-dir/readme.md,INDEX,BOTH,False
./ui/desktop/node_modules/playwright-core/README.md,INDEX,BOTH,False
./ui/desktop/node_modules/playwright/lib/agents/generator.md,OTHER,BOTH,False
./ui/desktop/node_modules/playwright/lib/agents/healer.md,OTHER,BOTH,False
./ui/desktop/node_modules/playwright/lib/agents/planner.md,OTHER,BOTH,False
./ui/desktop/node_modules/playwright/README.md,INDEX,BOTH,False
./ui/desktop/node_modules/@playwright/test/README.md,INDEX,BOTH,False
./ui/desktop/node_modules/p-limit/readme.md,INDEX,BOTH,False
./ui/desktop/node_modules/p-locate/readme.md,INDEX,BOTH,False
./ui/desktop/node_modules/possible-typed-array-names/CHANGELOG.md,OTHER,BOTH,True
./ui/desktop/node_modules/possible-typed-array-names/README.md,INDEX,BOTH,False
./ui/desktop/node_modules/postcss/README.md,INDEX,BOTH,False
./ui/desktop/node_modules/prelude-ls/CHANGELOG.md,OTHER,BOTH,True
./ui/desktop/node_modules/prelude-ls/README.md,INDEX,BOTH,False
./ui/desktop/node_modules/prettier/README.md,INDEX,BOTH,False
./ui/desktop/node_modules/prettier/THIRD-PARTY-NOTICES.md,OTHER,BOTH,False
./ui/desktop/node_modules/pretty-format/node_modules/ansi-styles/readme.md,INDEX,BOTH,False
./ui/desktop/node_modules/pretty-format/README.md,INDEX,BOTH,False
./ui/desktop/node_modules/prompts/readme.md,INDEX,BOTH,False
./ui/desktop/node_modules/proxy-from-env/README.md,INDEX,BOTH,False
./ui/desktop/node_modules/psl/README.md,INDEX,BOTH,False
./ui/desktop/node_modules/psl/SECURITY.md,OTHER,BOTH,True
./ui/desktop/node_modules/p-try/readme.md,INDEX,BOTH,False
./ui/desktop/node_modules/punycode/README.md,INDEX,BOTH,False
./ui/desktop/node_modules/pure-rand/CHANGELOG.md,OTHER,BOTH,True
./ui/desktop/node_modules/pure-rand/README.md,INDEX,BOTH,False
./ui/desktop/node_modules/querystringify/README.md,INDEX,BOTH,False
./ui/desktop/node_modules/queue-microtask/README.md,INDEX,BOTH,False
./ui/desktop/node_modules/react-dom/README.md,INDEX,BOTH,False
./ui/desktop/node_modules/react-is/README.md,INDEX,BOTH,False
./ui/desktop/node_modules/react/README.md,INDEX,BOTH,False
./ui/desktop/node_modules/react-refresh/README.md,INDEX,BOTH,False
./ui/desktop/node_modules/redent/readme.md,INDEX,BOTH,False
./ui/desktop/node_modules/regexp.prototype.flags/CHANGELOG.md,OTHER,BOTH,True
./ui/desktop/node_modules/regexp.prototype.flags/README.md,INDEX,BOTH,False
./ui/desktop/node_modules/requires-port/README.md,INDEX,BOTH,False
./ui/desktop/node_modules/resolve-cwd/node_modules/resolve-from/readme.md,INDEX,BOTH,False
./ui/desktop/node_modules/resolve-cwd/readme.md,INDEX,BOTH,False
./ui/desktop/node_modules/resolve.exports/readme.md,INDEX,BOTH,False
./ui/desktop/node_modules/resolve-from/readme.md,INDEX,BOTH,False
./ui/desktop/node_modules/resolve/.github/INCIDENT_RESPONSE_PROCESS.md,OTHER,BOTH,False
./ui/desktop/node_modules/resolve/.github/THREAT_MODEL.md,OTHER,BOTH,False
./ui/desktop/node_modules/resolve/SECURITY.md,OTHER,BOTH,True
./ui/desktop/node_modules/rettime/LICENSE.md,OTHER,BOTH,False
./ui/desktop/node_modules/rettime/README.md,INDEX,BOTH,False
./ui/desktop/node_modules/reusify/README.md,INDEX,BOTH,False
./ui/desktop/node_modules/reusify/SECURITY.md,OTHER,BOTH,True
./ui/desktop/node_modules/rimraf/CHANGELOG.md,OTHER,BOTH,True
./ui/desktop/node_modules/rimraf/README.md,INDEX,BOTH,False
./ui/desktop/node_modules/rollup/LICENSE.md,OTHER,BOTH,False
./ui/desktop/node_modules/rollup/README.md,INDEX,BOTH,False
./ui/desktop/node_modules/@rollup/rollup-linux-x64-gnu/README.md,INDEX,BOTH,False
./ui/desktop/node_modules/@rollup/rollup-linux-x64-musl/README.md,INDEX,BOTH,False
./ui/desktop/node_modules/run-parallel/README.md,INDEX,BOTH,False
./ui/desktop/node_modules/safer-buffer/Porting-Buffer.md,OTHER,BOTH,False
./ui/desktop/node_modules/safer-buffer/Readme.md,INDEX,BOTH,False
./ui/desktop/node_modules/safe-regex-test/CHANGELOG.md,OTHER,BOTH,True
./ui/desktop/node_modules/safe-regex-test/README.md,INDEX,BOTH,False
./ui/desktop/node_modules/saxes/README.md,INDEX,BOTH,False
./ui/desktop/node_modules/scheduler/README.md,INDEX,BOTH,False
./ui/desktop/node_modules/semver/README.md,INDEX,BOTH,False
./ui/desktop/node_modules/set-function-length/CHANGELOG.md,OTHER,BOTH,True
./ui/desktop/node_modules/set-function-length/README.md,INDEX,BOTH,False
./ui/desktop/node_modules/set-function-name/CHANGELOG.md,OTHER,BOTH,True
./ui/desktop/node_modules/set-function-name/README.md,INDEX,BOTH,False
./ui/desktop/node_modules/shebang-command/readme.md,INDEX,BOTH,False
./ui/desktop/node_modules/shebang-regex/readme.md,INDEX,BOTH,False
./ui/desktop/node_modules/side-channel/CHANGELOG.md,OTHER,BOTH,True
./ui/desktop/node_modules/side-channel-list/CHANGELOG.md,OTHER,BOTH,True
./ui/desktop/node_modules/side-channel-list/README.md,INDEX,BOTH,False
./ui/desktop/node_modules/side-channel-map/CHANGELOG.md,OTHER,BOTH,True
./ui/desktop/node_modules/side-channel-map/README.md,INDEX,BOTH,False
./ui/desktop/node_modules/side-channel/README.md,INDEX,BOTH,False
./ui/desktop/node_modules/side-channel-weakmap/CHANGELOG.md,OTHER,BOTH,True
./ui/desktop/node_modules/side-channel-weakmap/README.md,INDEX,BOTH,False
./ui/desktop/node_modules/signal-exit/README.md,INDEX,BOTH,False
./ui/desktop/node_modules/@sinclair/typebox/readme.md,INDEX,BOTH,False
./ui/desktop/node_modules/@sinonjs/commons/lib/prototypes/README.md,INDEX,BOTH,False
./ui/desktop/node_modules/@sinonjs/commons/README.md,INDEX,BOTH,False
./ui/desktop/node_modules/@sinonjs/fake-timers/README.md,INDEX,BOTH,False
./ui/desktop/node_modules/sisteransi/readme.md,INDEX,BOTH,False
./ui/desktop/node_modules/slash/readme.md,INDEX,BOTH,False
./ui/desktop/node_modules/source-map/CHANGELOG.md,OTHER,BOTH,True
./ui/desktop/node_modules/source-map-js/README.md,INDEX,BOTH,False
./ui/desktop/node_modules/source-map/README.md,INDEX,BOTH,False
./ui/desktop/node_modules/source-map-support/LICENSE.md,OTHER,BOTH,False
./ui/desktop/node_modules/source-map-support/README.md,INDEX,BOTH,False
./ui/desktop/node_modules/sprintf-js/README.md,INDEX,BOTH,False
./ui/desktop/node_modules/stack-utils/LICENSE.md,OTHER,BOTH,False
./ui/desktop/node_modules/stack-utils/node_modules/escape-string-regexp/readme.md,INDEX,BOTH,False
./ui/desktop/node_modules/stack-utils/readme.md,INDEX,BOTH,False
./ui/desktop/node_modules/statuses/HISTORY.md,OTHER,BOTH,False
./ui/desktop/node_modules/statuses/README.md,INDEX,BOTH,False
./ui/desktop/node_modules/stop-iteration-iterator/CHANGELOG.md,OTHER,BOTH,True
./ui/desktop/node_modules/stop-iteration-iterator/README.md,INDEX,BOTH,False
./ui/desktop/node_modules/strict-event-emitter/README.md,INDEX,BOTH,False
./ui/desktop/node_modules/string-length/readme.md,INDEX,BOTH,False
./ui/desktop/node_modules/string-width/readme.md,INDEX,BOTH,False
./ui/desktop/node_modules/strip-ansi/readme.md,INDEX,BOTH,False
./ui/desktop/node_modules/strip-bom/readme.md,INDEX,BOTH,False
./ui/desktop/node_modules/strip-final-newline/readme.md,INDEX,BOTH,False
./ui/desktop/node_modules/strip-indent/readme.md,INDEX,BOTH,False
./ui/desktop/node_modules/strip-json-comments/readme.md,INDEX,BOTH,False
./ui/desktop/node_modules/supports-color/readme.md,INDEX,BOTH,False
./ui/desktop/node_modules/supports-preserve-symlinks-flag/CHANGELOG.md,OTHER,BOTH,True
./ui/desktop/node_modules/supports-preserve-symlinks-flag/README.md,INDEX,BOTH,False
./ui/desktop/node_modules/symbol-tree/README.md,INDEX,BOTH,False
./ui/desktop/node_modules/@tauri-apps/api/CHANGELOG.md,OTHER,BOTH,True
./ui/desktop/node_modules/@tauri-apps/api/README.md,INDEX,BOTH,False
./ui/desktop/node_modules/@tauri-apps/cli/CHANGELOG.md,OTHER,BOTH,True
./ui/desktop/node_modules/@tauri-apps/cli-linux-x64-gnu/README.md,INDEX,BOTH,False
./ui/desktop/node_modules/@tauri-apps/cli-linux-x64-musl/README.md,INDEX,BOTH,False
./ui/desktop/node_modules/@tauri-apps/cli/README.md,INDEX,BOTH,False
./ui/desktop/node_modules/test-exclude/CHANGELOG.md,OTHER,BOTH,True
./ui/desktop/node_modules/test-exclude/node_modules/brace-expansion/README.md,INDEX,BOTH,False
./ui/desktop/node_modules/test-exclude/node_modules/minimatch/README.md,INDEX,BOTH,False
./ui/desktop/node_modules/test-exclude/README.md,INDEX,BOTH,False
./ui/desktop/node_modules/@testing-library/dom/README.md,INDEX,BOTH,False
./ui/desktop/node_modules/@testing-library/jest-dom/CHANGELOG.md,OTHER,BOTH,True
./ui/desktop/node_modules/@testing-library/jest-dom/node_modules/dom-accessibility-api/LICENSE.md,OTHER,BOTH,False
./ui/desktop/node_modules/@testing-library/jest-dom/node_modules/dom-accessibility-api/README.md,INDEX,BOTH,False
./ui/desktop/node_modules/@testing-library/jest-dom/README.md,INDEX,BOTH,False
./ui/desktop/node_modules/@testing-library/react/CHANGELOG.md,OTHER,BOTH,True
./ui/desktop/node_modules/@testing-library/react/node_modules/aria-query/README.md,INDEX,BOTH,False
./ui/desktop/node_modules/@testing-library/react/node_modules/@testing-library/dom/README.md,INDEX,BOTH,False
./ui/desktop/node_modules/@testing-library/react/README.md,INDEX,BOTH,False
./ui/desktop/node_modules/@testing-library/user-event/README.md,INDEX,BOTH,False
./ui/desktop/node_modules/thunky/README.md,INDEX,BOTH,False
./ui/desktop/node_modules/tinyglobby/node_modules/fdir/README.md,INDEX,BOTH,False
./ui/desktop/node_modules/tinyglobby/node_modules/picomatch/README.md,INDEX,BOTH,False
./ui/desktop/node_modules/tinyglobby/README.md,INDEX,BOTH,False
./ui/desktop/node_modules/tldts-core/README.md,INDEX,BOTH,False
./ui/desktop/node_modules/tldts/README.md,INDEX,BOTH,False
./ui/desktop/node_modules/tmpl/readme.md,INDEX,BOTH,False
./ui/desktop/node_modules/@tootallnate/once/README.md,INDEX,BOTH,False
./ui/desktop/node_modules/to-regex-range/README.md,INDEX,BOTH,False
./ui/desktop/node_modules/tough-cookie/README.md,INDEX,BOTH,False
./ui/desktop/node_modules/tr46/LICENSE.md,OTHER,BOTH,False
./ui/desktop/node_modules/tr46/README.md,INDEX,BOTH,False
./ui/desktop/node_modules/ts-api-utils/LICENSE.md,OTHER,BOTH,False
./ui/desktop/node_modules/ts-api-utils/README.md,INDEX,BOTH,False
./ui/desktop/node_modules/@tsconfig/node10/README.md,INDEX,BOTH,False
./ui/desktop/node_modules/@tsconfig/node12/README.md,INDEX,BOTH,False
./ui/desktop/node_modules/@tsconfig/node14/README.md,INDEX,BOTH,False
./ui/desktop/node_modules/@tsconfig/node16/README.md,INDEX,BOTH,False
./ui/desktop/node_modules/ts-jest/CHANGELOG.md,OTHER,BOTH,True
./ui/desktop/node_modules/ts-jest/CONTRIBUTING.md,OTHER,BOTH,True
./ui/desktop/node_modules/ts-jest/LICENSE.md,OTHER,BOTH,False
./ui/desktop/node_modules/ts-jest/node_modules/type-fest/readme.md,INDEX,BOTH,False
./ui/desktop/node_modules/ts-jest/README.md,INDEX,BOTH,False
./ui/desktop/node_modules/ts-jest/TROUBLESHOOTING.md,OTHER,BOTH,False
./ui/desktop/node_modules/ts-node/dist-raw/NODE-LICENSE.md,OTHER,BOTH,False
./ui/desktop/node_modules/ts-node/dist-raw/README.md,INDEX,BOTH,False
./ui/desktop/node_modules/ts-node/README.md,INDEX,BOTH,False
./ui/desktop/node_modules/type-check/README.md,INDEX,BOTH,False
./ui/desktop/node_modules/type-detect/README.md,INDEX,BOTH,False
./ui/desktop/node_modules/type-fest/readme.md,INDEX,BOTH,False
./ui/desktop/node_modules/@types/aria-query/README.md,INDEX,BOTH,False
./ui/desktop/node_modules/@types/babel__core/README.md,INDEX,BOTH,False
./ui/desktop/node_modules/@types/babel__generator/README.md,INDEX,BOTH,False
./ui/desktop/node_modules/@types/babel__template/README.md,INDEX,BOTH,False
./ui/desktop/node_modules/@types/babel__traverse/README.md,INDEX,BOTH,False
./ui/desktop/node_modules/@typescript-eslint/eslint-plugin/docs/rules/adjacent-overload-signatures.md,OTHER,BOTH,False
./ui/desktop/node_modules/@typescript-eslint/eslint-plugin/docs/rules/array-type.md,OTHER,BOTH,False
./ui/desktop/node_modules/@typescript-eslint/eslint-plugin/docs/rules/await-thenable.md,OTHER,BOTH,False
./ui/desktop/node_modules/@typescript-eslint/eslint-plugin/docs/rules/ban-ts-comment.md,OTHER,BOTH,False
./ui/desktop/node_modules/@typescript-eslint/eslint-plugin/docs/rules/ban-tslint-comment.md,OTHER,BOTH,False
./ui/desktop/node_modules/@typescript-eslint/eslint-plugin/docs/rules/ban-types.md,OTHER,BOTH,False
./ui/desktop/node_modules/@typescript-eslint/eslint-plugin/docs/rules/block-spacing.md,OTHER,BOTH,False
./ui/desktop/node_modules/@typescript-eslint/eslint-plugin/docs/rules/brace-style.md,OTHER,BOTH,False
./ui/desktop/node_modules/@typescript-eslint/eslint-plugin/docs/rules/camelcase.md,OTHER,BOTH,False
./ui/desktop/node_modules/@typescript-eslint/eslint-plugin/docs/rules/class-literal-property-style.md,OTHER,BOTH,False
./ui/desktop/node_modules/@typescript-eslint/eslint-plugin/docs/rules/class-methods-use-this.md,OTHER,BOTH,False
./ui/desktop/node_modules/@typescript-eslint/eslint-plugin/docs/rules/comma-dangle.md,OTHER,BOTH,False
./ui/desktop/node_modules/@typescript-eslint/eslint-plugin/docs/rules/comma-spacing.md,OTHER,BOTH,False
./ui/desktop/node_modules/@typescript-eslint/eslint-plugin/docs/rules/consistent-generic-constructors.md,OTHER,BOTH,False
./ui/desktop/node_modules/@typescript-eslint/eslint-plugin/docs/rules/consistent-indexed-object-style.md,OTHER,BOTH,False
./ui/desktop/node_modules/@typescript-eslint/eslint-plugin/docs/rules/consistent-type-assertions.md,OTHER,BOTH,False
./ui/desktop/node_modules/@typescript-eslint/eslint-plugin/docs/rules/consistent-type-definitions.md,OTHER,BOTH,False
./ui/desktop/node_modules/@typescript-eslint/eslint-plugin/docs/rules/consistent-type-exports.md,OTHER,BOTH,False
./ui/desktop/node_modules/@typescript-eslint/eslint-plugin/docs/rules/consistent-type-imports.md,OTHER,BOTH,False
./ui/desktop/node_modules/@typescript-eslint/eslint-plugin/docs/rules/default-param-last.md,OTHER,BOTH,False
./ui/desktop/node_modules/@typescript-eslint/eslint-plugin/docs/rules/dot-notation.md,OTHER,BOTH,False
./ui/desktop/node_modules/@typescript-eslint/eslint-plugin/docs/rules/explicit-function-return-type.md,OTHER,BOTH,False
./ui/desktop/node_modules/@typescript-eslint/eslint-plugin/docs/rules/explicit-member-accessibility.md,OTHER,BOTH,False
./ui/desktop/node_modules/@typescript-eslint/eslint-plugin/docs/rules/explicit-module-boundary-types.md,OTHER,BOTH,False
./ui/desktop/node_modules/@typescript-eslint/eslint-plugin/docs/rules/func-call-spacing.md,OTHER,BOTH,False
./ui/desktop/node_modules/@typescript-eslint/eslint-plugin/docs/rules/indent.md,OTHER,BOTH,False
./ui/desktop/node_modules/@typescript-eslint/eslint-plugin/docs/rules/init-declarations.md,OTHER,BOTH,False
./ui/desktop/node_modules/@typescript-eslint/eslint-plugin/docs/rules/key-spacing.md,OTHER,BOTH,False
./ui/desktop/node_modules/@typescript-eslint/eslint-plugin/docs/rules/keyword-spacing.md,OTHER,BOTH,False
./ui/desktop/node_modules/@typescript-eslint/eslint-plugin/docs/rules/lines-around-comment.md,OTHER,BOTH,False
./ui/desktop/node_modules/@typescript-eslint/eslint-plugin/docs/rules/lines-between-class-members.md,OTHER,BOTH,False
./ui/desktop/node_modules/@typescript-eslint/eslint-plugin/docs/rules/max-params.md,OTHER,BOTH,False
./ui/desktop/node_modules/@typescript-eslint/eslint-plugin/docs/rules/member-delimiter-style.md,OTHER,BOTH,False
./ui/desktop/node_modules/@typescript-eslint/eslint-plugin/docs/rules/member-ordering.md,OTHER,BOTH,False
./ui/desktop/node_modules/@typescript-eslint/eslint-plugin/docs/rules/method-signature-style.md,OTHER,BOTH,False
./ui/desktop/node_modules/@typescript-eslint/eslint-plugin/docs/rules/naming-convention.md,OTHER,BOTH,False
./ui/desktop/node_modules/@typescript-eslint/eslint-plugin/docs/rules/no-array-constructor.md,OTHER,BOTH,False
./ui/desktop/node_modules/@typescript-eslint/eslint-plugin/docs/rules/no-array-delete.md,OTHER,BOTH,False
./ui/desktop/node_modules/@typescript-eslint/eslint-plugin/docs/rules/no-base-to-string.md,OTHER,BOTH,False
./ui/desktop/node_modules/@typescript-eslint/eslint-plugin/docs/rules/no-confusing-non-null-assertion.md,OTHER,BOTH,False
./ui/desktop/node_modules/@typescript-eslint/eslint-plugin/docs/rules/no-confusing-void-expression.md,OTHER,BOTH,False
./ui/desktop/node_modules/@typescript-eslint/eslint-plugin/docs/rules/no-dupe-class-members.md,OTHER,BOTH,False
./ui/desktop/node_modules/@typescript-eslint/eslint-plugin/docs/rules/no-duplicate-enum-values.md,OTHER,BOTH,False
./ui/desktop/node_modules/@typescript-eslint/eslint-plugin/docs/rules/no-duplicate-imports.md,OTHER,BOTH,False
./ui/desktop/node_modules/@typescript-eslint/eslint-plugin/docs/rules/no-duplicate-type-constituents.md,OTHER,BOTH,False
./ui/desktop/node_modules/@typescript-eslint/eslint-plugin/docs/rules/no-dynamic-delete.md,OTHER,BOTH,False
./ui/desktop/node_modules/@typescript-eslint/eslint-plugin/docs/rules/no-empty-function.md,OTHER,BOTH,False
./ui/desktop/node_modules/@typescript-eslint/eslint-plugin/docs/rules/no-empty-interface.md,OTHER,BOTH,False
./ui/desktop/node_modules/@typescript-eslint/eslint-plugin/docs/rules/no-explicit-any.md,OTHER,BOTH,False
./ui/desktop/node_modules/@typescript-eslint/eslint-plugin/docs/rules/no-extraneous-class.md,OTHER,BOTH,False
./ui/desktop/node_modules/@typescript-eslint/eslint-plugin/docs/rules/no-extra-non-null-assertion.md,OTHER,BOTH,False
./ui/desktop/node_modules/@typescript-eslint/eslint-plugin/docs/rules/no-extra-parens.md,OTHER,BOTH,False
./ui/desktop/node_modules/@typescript-eslint/eslint-plugin/docs/rules/no-extra-semi.md,OTHER,BOTH,False
./ui/desktop/node_modules/@typescript-eslint/eslint-plugin/docs/rules/no-floating-promises.md,OTHER,BOTH,False
./ui/desktop/node_modules/@typescript-eslint/eslint-plugin/docs/rules/no-for-in-array.md,OTHER,BOTH,False
./ui/desktop/node_modules/@typescript-eslint/eslint-plugin/docs/rules/no-implied-eval.md,OTHER,BOTH,False
./ui/desktop/node_modules/@typescript-eslint/eslint-plugin/docs/rules/no-import-type-side-effects.md,OTHER,BOTH,False
./ui/desktop/node_modules/@typescript-eslint/eslint-plugin/docs/rules/no-inferrable-types.md,OTHER,BOTH,False
./ui/desktop/node_modules/@typescript-eslint/eslint-plugin/docs/rules/no-invalid-this.md,OTHER,BOTH,False
./ui/desktop/node_modules/@typescript-eslint/eslint-plugin/docs/rules/no-invalid-void-type.md,OTHER,BOTH,False
./ui/desktop/node_modules/@typescript-eslint/eslint-plugin/docs/rules/no-loop-func.md,OTHER,BOTH,False
./ui/desktop/node_modules/@typescript-eslint/eslint-plugin/docs/rules/no-loss-of-precision.md,OTHER,BOTH,False
./ui/desktop/node_modules/@typescript-eslint/eslint-plugin/docs/rules/no-magic-numbers.md,OTHER,BOTH,False
./ui/desktop/node_modules/@typescript-eslint/eslint-plugin/docs/rules/no-meaningless-void-operator.md,OTHER,BOTH,False
./ui/desktop/node_modules/@typescript-eslint/eslint-plugin/docs/rules/no-misused-new.md,OTHER,BOTH,False
./ui/desktop/node_modules/@typescript-eslint/eslint-plugin/docs/rules/no-misused-promises.md,OTHER,BOTH,False
./ui/desktop/node_modules/@typescript-eslint/eslint-plugin/docs/rules/no-mixed-enums.md,OTHER,BOTH,False
./ui/desktop/node_modules/@typescript-eslint/eslint-plugin/docs/rules/no-namespace.md,OTHER,BOTH,False
./ui/desktop/node_modules/@typescript-eslint/eslint-plugin/docs/rules/non-nullable-type-assertion-style.md,OTHER,BOTH,False
./ui/desktop/node_modules/@typescript-eslint/eslint-plugin/docs/rules/no-non-null-asserted-nullish-coalescing.md,OTHER,BOTH,False
./ui/desktop/node_modules/@typescript-eslint/eslint-plugin/docs/rules/no-non-null-asserted-optional-chain.md,OTHER,BOTH,False
./ui/desktop/node_modules/@typescript-eslint/eslint-plugin/docs/rules/no-non-null-assertion.md,OTHER,BOTH,False
./ui/desktop/node_modules/@typescript-eslint/eslint-plugin/docs/rules/no-parameter-properties.md,OTHER,BOTH,False
./ui/desktop/node_modules/@typescript-eslint/eslint-plugin/docs/rules/no-redeclare.md,OTHER,BOTH,False
./ui/desktop/node_modules/@typescript-eslint/eslint-plugin/docs/rules/no-redundant-type-constituents.md,OTHER,BOTH,False
./ui/desktop/node_modules/@typescript-eslint/eslint-plugin/docs/rules/no-require-imports.md,OTHER,BOTH,False
./ui/desktop/node_modules/@typescript-eslint/eslint-plugin/docs/rules/no-restricted-imports.md,OTHER,BOTH,False
./ui/desktop/node_modules/@typescript-eslint/eslint-plugin/docs/rules/no-shadow.md,OTHER,BOTH,False
./ui/desktop/node_modules/@typescript-eslint/eslint-plugin/docs/rules/no-this-alias.md,OTHER,BOTH,False
./ui/desktop/node_modules/@typescript-eslint/eslint-plugin/docs/rules/no-throw-literal.md,OTHER,BOTH,False
./ui/desktop/node_modules/@typescript-eslint/eslint-plugin/docs/rules/no-type-alias.md,OTHER,BOTH,False
./ui/desktop/node_modules/@typescript-eslint/eslint-plugin/docs/rules/no-unnecessary-boolean-literal-compare.md,OTHER,BOTH,False
./ui/desktop/node_modules/@typescript-eslint/eslint-plugin/docs/rules/no-unnecessary-condition.md,OTHER,BOTH,False
./ui/desktop/node_modules/@typescript-eslint/eslint-plugin/docs/rules/no-unnecessary-qualifier.md,OTHER,BOTH,False
./ui/desktop/node_modules/@typescript-eslint/eslint-plugin/docs/rules/no-unnecessary-type-arguments.md,OTHER,BOTH,False
./ui/desktop/node_modules/@typescript-eslint/eslint-plugin/docs/rules/no-unnecessary-type-assertion.md,OTHER,BOTH,False
./ui/desktop/node_modules/@typescript-eslint/eslint-plugin/docs/rules/no-unnecessary-type-constraint.md,OTHER,BOTH,False
./ui/desktop/node_modules/@typescript-eslint/eslint-plugin/docs/rules/no-unsafe-argument.md,OTHER,BOTH,False
./ui/desktop/node_modules/@typescript-eslint/eslint-plugin/docs/rules/no-unsafe-assignment.md,OTHER,BOTH,False
./ui/desktop/node_modules/@typescript-eslint/eslint-plugin/docs/rules/no-unsafe-call.md,OTHER,BOTH,False
./ui/desktop/node_modules/@typescript-eslint/eslint-plugin/docs/rules/no-unsafe-declaration-merging.md,OTHER,BOTH,False
./ui/desktop/node_modules/@typescript-eslint/eslint-plugin/docs/rules/no-unsafe-enum-comparison.md,OTHER,BOTH,False
./ui/desktop/node_modules/@typescript-eslint/eslint-plugin/docs/rules/no-unsafe-member-access.md,OTHER,BOTH,False
./ui/desktop/node_modules/@typescript-eslint/eslint-plugin/docs/rules/no-unsafe-return.md,OTHER,BOTH,False
./ui/desktop/node_modules/@typescript-eslint/eslint-plugin/docs/rules/no-unsafe-unary-minus.md,OTHER,BOTH,False
./ui/desktop/node_modules/@typescript-eslint/eslint-plugin/docs/rules/no-unused-expressions.md,OTHER,BOTH,False
./ui/desktop/node_modules/@typescript-eslint/eslint-plugin/docs/rules/no-unused-vars.md,OTHER,BOTH,False
./ui/desktop/node_modules/@typescript-eslint/eslint-plugin/docs/rules/no-use-before-define.md,OTHER,BOTH,False
./ui/desktop/node_modules/@typescript-eslint/eslint-plugin/docs/rules/no-useless-constructor.md,OTHER,BOTH,False
./ui/desktop/node_modules/@typescript-eslint/eslint-plugin/docs/rules/no-useless-empty-export.md,OTHER,BOTH,False
./ui/desktop/node_modules/@typescript-eslint/eslint-plugin/docs/rules/no-useless-template-literals.md,OTHER,BOTH,False
./ui/desktop/node_modules/@typescript-eslint/eslint-plugin/docs/rules/no-var-requires.md,OTHER,BOTH,False
./ui/desktop/node_modules/@typescript-eslint/eslint-plugin/docs/rules/object-curly-spacing.md,OTHER,BOTH,False
./ui/desktop/node_modules/@typescript-eslint/eslint-plugin/docs/rules/padding-line-between-statements.md,OTHER,BOTH,False
./ui/desktop/node_modules/@typescript-eslint/eslint-plugin/docs/rules/parameter-properties.md,OTHER,BOTH,False
./ui/desktop/node_modules/@typescript-eslint/eslint-plugin/docs/rules/prefer-as-const.md,OTHER,BOTH,False
./ui/desktop/node_modules/@typescript-eslint/eslint-plugin/docs/rules/prefer-destructuring.md,OTHER,BOTH,False
./ui/desktop/node_modules/@typescript-eslint/eslint-plugin/docs/rules/prefer-enum-initializers.md,OTHER,BOTH,False
./ui/desktop/node_modules/@typescript-eslint/eslint-plugin/docs/rules/prefer-find.md,OTHER,BOTH,False
./ui/desktop/node_modules/@typescript-eslint/eslint-plugin/docs/rules/prefer-for-of.md,OTHER,BOTH,False
./ui/desktop/node_modules/@typescript-eslint/eslint-plugin/docs/rules/prefer-function-type.md,OTHER,BOTH,False
./ui/desktop/node_modules/@typescript-eslint/eslint-plugin/docs/rules/prefer-includes.md,OTHER,BOTH,False
./ui/desktop/node_modules/@typescript-eslint/eslint-plugin/docs/rules/prefer-literal-enum-member.md,OTHER,BOTH,False
./ui/desktop/node_modules/@typescript-eslint/eslint-plugin/docs/rules/prefer-namespace-keyword.md,OTHER,BOTH,False
./ui/desktop/node_modules/@typescript-eslint/eslint-plugin/docs/rules/prefer-nullish-coalescing.md,OTHER,BOTH,False
./ui/desktop/node_modules/@typescript-eslint/eslint-plugin/docs/rules/prefer-optional-chain.md,OTHER,BOTH,False
./ui/desktop/node_modules/@typescript-eslint/eslint-plugin/docs/rules/prefer-promise-reject-errors.md,OTHER,BOTH,False
./ui/desktop/node_modules/@typescript-eslint/eslint-plugin/docs/rules/prefer-readonly.md,OTHER,BOTH,False
./ui/desktop/node_modules/@typescript-eslint/eslint-plugin/docs/rules/prefer-readonly-parameter-types.md,OTHER,BOTH,False
./ui/desktop/node_modules/@typescript-eslint/eslint-plugin/docs/rules/prefer-reduce-type-parameter.md,OTHER,BOTH,False
./ui/desktop/node_modules/@typescript-eslint/eslint-plugin/docs/rules/prefer-regexp-exec.md,OTHER,BOTH,False
./ui/desktop/node_modules/@typescript-eslint/eslint-plugin/docs/rules/prefer-return-this-type.md,OTHER,BOTH,False
./ui/desktop/node_modules/@typescript-eslint/eslint-plugin/docs/rules/prefer-string-starts-ends-with.md,OTHER,BOTH,False
./ui/desktop/node_modules/@typescript-eslint/eslint-plugin/docs/rules/prefer-ts-expect-error.md,OTHER,BOTH,False
./ui/desktop/node_modules/@typescript-eslint/eslint-plugin/docs/rules/promise-function-async.md,OTHER,BOTH,False
./ui/desktop/node_modules/@typescript-eslint/eslint-plugin/docs/rules/quotes.md,OTHER,BOTH,False
./ui/desktop/node_modules/@typescript-eslint/eslint-plugin/docs/rules/README.md,INDEX,BOTH,False
./ui/desktop/node_modules/@typescript-eslint/eslint-plugin/docs/rules/require-array-sort-compare.md,OTHER,BOTH,False
./ui/desktop/node_modules/@typescript-eslint/eslint-plugin/docs/rules/require-await.md,OTHER,BOTH,False
./ui/desktop/node_modules/@typescript-eslint/eslint-plugin/docs/rules/restrict-plus-operands.md,OTHER,BOTH,False
./ui/desktop/node_modules/@typescript-eslint/eslint-plugin/docs/rules/restrict-template-expressions.md,OTHER,BOTH,False
./ui/desktop/node_modules/@typescript-eslint/eslint-plugin/docs/rules/return-await.md,OTHER,BOTH,False
./ui/desktop/node_modules/@typescript-eslint/eslint-plugin/docs/rules/semi.md,OTHER,BOTH,False
./ui/desktop/node_modules/@typescript-eslint/eslint-plugin/docs/rules/sort-type-constituents.md,OTHER,BOTH,False
./ui/desktop/node_modules/@typescript-eslint/eslint-plugin/docs/rules/space-before-blocks.md,OTHER,BOTH,False
./ui/desktop/node_modules/@typescript-eslint/eslint-plugin/docs/rules/space-before-function-paren.md,OTHER,BOTH,False
./ui/desktop/node_modules/@typescript-eslint/eslint-plugin/docs/rules/space-infix-ops.md,OTHER,BOTH,False
./ui/desktop/node_modules/@typescript-eslint/eslint-plugin/docs/rules/strict-boolean-expressions.md,OTHER,BOTH,False
./ui/desktop/node_modules/@typescript-eslint/eslint-plugin/docs/rules/switch-exhaustiveness-check.md,OTHER,BOTH,False
./ui/desktop/node_modules/@typescript-eslint/eslint-plugin/docs/rules/TEMPLATE.md,OTHER,BOTH,False
./ui/desktop/node_modules/@typescript-eslint/eslint-plugin/docs/rules/triple-slash-reference.md,OTHER,BOTH,False
./ui/desktop/node_modules/@typescript-eslint/eslint-plugin/docs/rules/type-annotation-spacing.md,OTHER,BOTH,False
./ui/desktop/node_modules/@typescript-eslint/eslint-plugin/docs/rules/typedef.md,OTHER,BOTH,False
./ui/desktop/node_modules/@typescript-eslint/eslint-plugin/docs/rules/unbound-method.md,OTHER,BOTH,False
./ui/desktop/node_modules/@typescript-eslint/eslint-plugin/docs/rules/unified-signatures.md,OTHER,BOTH,False
./ui/desktop/node_modules/@typescript-eslint/eslint-plugin/README.md,INDEX,BOTH,False
./ui/desktop/node_modules/@typescript-eslint/parser/README.md,INDEX,BOTH,False
./ui/desktop/node_modules/@typescript-eslint/scope-manager/README.md,INDEX,BOTH,False
./ui/desktop/node_modules/@typescript-eslint/typescript-estree/README.md,INDEX,BOTH,False
./ui/desktop/node_modules/@typescript-eslint/types/README.md,INDEX,BOTH,False
./ui/desktop/node_modules/@typescript-eslint/type-utils/README.md,INDEX,BOTH,False
./ui/desktop/node_modules/@typescript-eslint/utils/README.md,INDEX,BOTH,False
./ui/desktop/node_modules/@typescript-eslint/visitor-keys/README.md,INDEX,BOTH,False
./ui/desktop/node_modules/typescript/README.md,INDEX,BOTH,False
./ui/desktop/node_modules/typescript/SECURITY.md,OTHER,BOTH,True
./ui/desktop/node_modules/@types/estree/README.md,INDEX,BOTH,False
./ui/desktop/node_modules/@types/graceful-fs/README.md,INDEX,BOTH,False
./ui/desktop/node_modules/@types/istanbul-lib-coverage/README.md,INDEX,BOTH,False
./ui/desktop/node_modules/@types/istanbul-lib-report/README.md,INDEX,BOTH,False
./ui/desktop/node_modules/@types/istanbul-reports/README.md,INDEX,BOTH,False
./ui/desktop/node_modules/@types/jsdom/README.md,INDEX,BOTH,False
./ui/desktop/node_modules/@types/json-schema/README.md,INDEX,BOTH,False
./ui/desktop/node_modules/@types/node/README.md,INDEX,BOTH,False
./ui/desktop/node_modules/@types/prop-types/README.md,INDEX,BOTH,False
./ui/desktop/node_modules/@types/react-dom/README.md,INDEX,BOTH,False
./ui/desktop/node_modules/@types/react/README.md,INDEX,BOTH,False
./ui/desktop/node_modules/@types/semver/README.md,INDEX,BOTH,False
./ui/desktop/node_modules/@types/stack-utils/README.md,INDEX,BOTH,False
./ui/desktop/node_modules/@types/statuses/README.md,INDEX,BOTH,False
./ui/desktop/node_modules/@types/tough-cookie/README.md,INDEX,BOTH,False
./ui/desktop/node_modules/@types/yargs-parser/README.md,INDEX,BOTH,False
./ui/desktop/node_modules/@types/yargs/README.md,INDEX,BOTH,False
./ui/desktop/node_modules/uglify-js/README.md,INDEX,BOTH,False
./ui/desktop/node_modules/undici-types/README.md,INDEX,BOTH,False
./ui/desktop/node_modules/@ungap/structured-clone/README.md,INDEX,BOTH,False
./ui/desktop/node_modules/universalify/README.md,INDEX,BOTH,False
./ui/desktop/node_modules/until-async/README.md,INDEX,BOTH,False
./ui/desktop/node_modules/update-browserslist-db/README.md,INDEX,BOTH,False
./ui/desktop/node_modules/uri-js/README.md,INDEX,BOTH,False
./ui/desktop/node_modules/url-parse/README.md,INDEX,BOTH,False
./ui/desktop/node_modules/use-sync-external-store/README.md,INDEX,BOTH,False
./ui/desktop/node_modules/v8-compile-cache-lib/CHANGELOG.md,OTHER,BOTH,True
./ui/desktop/node_modules/v8-compile-cache-lib/README.md,INDEX,BOTH,False
./ui/desktop/node_modules/v8-to-istanbul/CHANGELOG.md,OTHER,BOTH,True
./ui/desktop/node_modules/v8-to-istanbul/README.md,INDEX,BOTH,False
./ui/desktop/node_modules/@vitejs/plugin-react/README.md,INDEX,BOTH,False
./ui/desktop/node_modules/vite/LICENSE.md,OTHER,BOTH,False
./ui/desktop/node_modules/vite/node_modules/fdir/README.md,INDEX,BOTH,False
./ui/desktop/node_modules/vite/node_modules/picomatch/README.md,INDEX,BOTH,False
./ui/desktop/node_modules/vite/README.md,INDEX,BOTH,False
./ui/desktop/node_modules/w3c-xmlserializer/LICENSE.md,OTHER,BOTH,False
./ui/desktop/node_modules/w3c-xmlserializer/README.md,INDEX,BOTH,False
./ui/desktop/node_modules/walker/readme.md,INDEX,BOTH,False
./ui/desktop/node_modules/webidl-conversions/LICENSE.md,OTHER,BOTH,False
./ui/desktop/node_modules/webidl-conversions/README.md,INDEX,BOTH,False
./ui/desktop/node_modules/whatwg-encoding/README.md,INDEX,BOTH,False
./ui/desktop/node_modules/whatwg-mimetype/README.md,INDEX,BOTH,False
./ui/desktop/node_modules/whatwg-url/README.md,INDEX,BOTH,False
./ui/desktop/node_modules/which-boxed-primitive/CHANGELOG.md,OTHER,BOTH,True
./ui/desktop/node_modules/which-boxed-primitive/README.md,INDEX,BOTH,False
./ui/desktop/node_modules/which/CHANGELOG.md,OTHER,BOTH,True
./ui/desktop/node_modules/which-collection/CHANGELOG.md,OTHER,BOTH,True
./ui/desktop/node_modules/which-collection/README.md,INDEX,BOTH,False
./ui/desktop/node_modules/which/README.md,INDEX,BOTH,False
./ui/desktop/node_modules/which-typed-array/CHANGELOG.md,OTHER,BOTH,True
./ui/desktop/node_modules/which-typed-array/README.md,INDEX,BOTH,False
./ui/desktop/node_modules/word-wrap/README.md,INDEX,BOTH,False
./ui/desktop/node_modules/wrap-ansi/readme.md,INDEX,BOTH,False
./ui/desktop/node_modules/wrappy/README.md,INDEX,BOTH,False
./ui/desktop/node_modules/write-file-atomic/LICENSE.md,OTHER,BOTH,False
./ui/desktop/node_modules/write-file-atomic/README.md,INDEX,BOTH,False
./ui/desktop/node_modules/ws/README.md,INDEX,BOTH,False
./ui/desktop/node_modules/xmlchars/README.md,INDEX,BOTH,False
./ui/desktop/node_modules/xml-name-validator/README.md,INDEX,BOTH,False
./ui/desktop/node_modules/y18n/CHANGELOG.md,OTHER,BOTH,True
./ui/desktop/node_modules/y18n/README.md,INDEX,BOTH,False
./ui/desktop/node_modules/yallist/README.md,INDEX,BOTH,False
./ui/desktop/node_modules/yargs-parser/CHANGELOG.md,OTHER,BOTH,True
./ui/desktop/node_modules/yargs-parser/README.md,INDEX,BOTH,False
./ui/desktop/node_modules/yargs/README.md,INDEX,BOTH,False
./ui/desktop/node_modules/yn/readme.md,INDEX,BOTH,False
./ui/desktop/node_modules/yoctocolors-cjs/readme.md,INDEX,BOTH,False
./ui/desktop/node_modules/yocto-queue/readme.md,INDEX,BOTH,False
./ui/desktop/node_modules/zustand/readme.md,INDEX,BOTH,False
